col1,col2,col3
one,two,three
one,two,five
one,two,three
one,two,five
one,two,three
one,two,five
one,two,three
one,two,five
one,two,three
one,two,five
one,two,three
one,two,five
one,two,three
one,two,five
one,two,three
one,two,five
one,two,three
one,two,five
one,two,three
one,two,five
one,two,three
one,two,five
one,two,three
one,two,five
one,two,three
one,two,five
one,two,three
one,two,five
one,two,three
one,two,five
one,two,three
one,two,five
one,two,three
one,two,five
one,two,three
one,two,five
one,two,three
one,two,five
